product_id,name,category,brand,price,description,rating,review_count,image_url
1,Google Nord Fold 2025,Mobiles,Google,118899,Experience premium quality with Google's Google Nord Fold 2025. Top rated by users. Specs: 256GB Storage | 8GB RAM | 50MP Camera | 5000mAh Battery.,3.2,1624,https://images.unsplash.com/photo-ZHrVk_KPiJU?auto=format&fit=crop&w=300&q=80
2,Samsung Redmi Note Max 2025,Mobiles,Samsung,81099,High performance Mobiles designed for enthusiasts. Max features included.,4.8,1783,https://images.unsplash.com/photo-uFyioIkaep8?auto=format&fit=crop&w=300&q=80
3,Realme Nord Flip,Mobiles,Realme,35199,High performance Mobiles designed for enthusiasts. Flip features included.,4.5,1966,https://images.unsplash.com/photo-uFyioIkaep8?auto=format&fit=crop&w=300&q=80
4,Google GT Fold 2025,Mobiles,Google,102199,"Stylish and durable, the Google GT Fold 2025 is a must-have. Comes with 256GB Storage | 12GB RAM | 50MP Camera | 5000mAh Battery.",3.2,1976,https://images.unsplash.com/photo-Rv2kTIuya_I?auto=format&fit=crop&w=300&q=80
5,Google Pixel 8 5G,Mobiles,Google,79399,Experience premium quality with Google's Google Pixel 8 5G. Top rated by users. Specs: 256GB Storage | 8GB RAM | 50MP Camera | 5000mAh Battery.,3.3,1901,https://images.unsplash.com/photo-Rv2kTIuya_I?auto=format&fit=crop&w=300&q=80
6,Apple Redmi Note 5G 2025,Mobiles,Apple,140799,High performance Mobiles designed for enthusiasts. 5G features included.,4.4,271,https://images.unsplash.com/photo-uFyioIkaep8?auto=format&fit=crop&w=300&q=80
7,Samsung Nord 5G 2024,Mobiles,Samsung,146999,High performance Mobiles designed for enthusiasts. 5G features included.,3.0,1215,https://images.unsplash.com/photo-ZHrVk_KPiJU?auto=format&fit=crop&w=300&q=80
8,Apple GT Fold,Mobiles,Apple,17499,The new Apple GT Fold from Apple is a game changer. Features: 512GB Storage | 8GB RAM | 50MP Camera | 5000mAh Battery.,3.0,1513,https://images.unsplash.com/photo-Rv2kTIuya_I?auto=format&fit=crop&w=300&q=80
9,Apple Nord 5G 2025,Mobiles,Apple,13999,Experience premium quality with Apple's Apple Nord 5G 2025. Top rated by users. Specs: 256GB Storage | 8GB RAM | 50MP Camera | 5000mAh Battery.,4.5,753,https://images.unsplash.com/photo-Rv2kTIuya_I?auto=format&fit=crop&w=300&q=80
10,Realme Nord Lite 2025,Mobiles,Realme,84599,"Stylish and durable, the Realme Nord Lite 2025 is a must-have. Comes with 128GB Storage | 12GB RAM | 50MP Camera | 5000mAh Battery.",3.8,20,https://images.unsplash.com/photo-Rv2kTIuya_I?auto=format&fit=crop&w=300&q=80
11,OnePlus Nord Lite,Mobiles,OnePlus,133899,The new OnePlus Nord Lite from OnePlus is a game changer. Features: 512GB Storage | 12GB RAM | 50MP Camera | 5000mAh Battery.,4.0,489,https://images.unsplash.com/photo-Rv2kTIuya_I?auto=format&fit=crop&w=300&q=80
12,Apple Redmi Note Flip 2025,Mobiles,Apple,40199,"Stylish and durable, the Apple Redmi Note Flip 2025 is a must-have. Comes with 128GB Storage | 12GB RAM | 50MP Camera | 5000mAh Battery.",4.6,467,https://images.unsplash.com/photo-uFyioIkaep8?auto=format&fit=crop&w=300&q=80
13,Samsung Redmi Note Ultra 2025,Mobiles,Samsung,145399,Experience premium quality with Samsung's Samsung Redmi Note Ultra 2025. Top rated by users. Specs: 512GB Storage | 8GB RAM | 50MP Camera | 5000mAh Battery.,4.9,1092,https://images.unsplash.com/photo-ZHrVk_KPiJU?auto=format&fit=crop&w=300&q=80
14,Google iPhone 15 Pro,Mobiles,Google,126899,High performance Mobiles designed for enthusiasts. Pro features included.,4.0,1746,https://images.unsplash.com/photo-Rv2kTIuya_I?auto=format&fit=crop&w=300&q=80
15,Google iPhone 15 Pro,Mobiles,Google,40499,High performance Mobiles designed for enthusiasts. Pro features included.,3.2,1610,https://images.unsplash.com/photo-Rv2kTIuya_I?auto=format&fit=crop&w=300&q=80
16,Samsung Galaxy S24 Ultra,Mobiles,Samsung,105899,Get the best value with Samsung Galaxy S24 Ultra. Perfect for everyday use. Includes 512GB Storage | 8GB RAM | 50MP Camera | 5000mAh Battery.,4.9,1901,https://images.unsplash.com/photo-ZHrVk_KPiJU?auto=format&fit=crop&w=300&q=80
17,Samsung GT Max 2024,Mobiles,Samsung,96499,The new Samsung GT Max 2024 from Samsung is a game changer. Features: 256GB Storage | 12GB RAM | 50MP Camera | 5000mAh Battery.,3.4,1925,https://images.unsplash.com/photo-uFyioIkaep8?auto=format&fit=crop&w=300&q=80
18,OnePlus Nord Fold 2024,Mobiles,OnePlus,53099,The new OnePlus Nord Fold 2024 from OnePlus is a game changer. Features: 512GB Storage | 8GB RAM | 50MP Camera | 5000mAh Battery.,3.6,218,https://images.unsplash.com/photo-uFyioIkaep8?auto=format&fit=crop&w=300&q=80
19,Apple Nord Fold 2025,Mobiles,Apple,131599,Get the best value with Apple Nord Fold 2025. Perfect for everyday use. Includes 256GB Storage | 8GB RAM | 50MP Camera | 5000mAh Battery.,5.0,974,https://images.unsplash.com/photo-uFyioIkaep8?auto=format&fit=crop&w=300&q=80
20,Google Pixel 8 Lite 2024,Mobiles,Google,107899,Experience premium quality with Google's Google Pixel 8 Lite 2024. Top rated by users. Specs: 128GB Storage | 8GB RAM | 50MP Camera | 5000mAh Battery.,3.6,342,https://images.unsplash.com/photo-ZHrVk_KPiJU?auto=format&fit=crop&w=300&q=80
21,Xiaomi Galaxy S24 5G 2025,Mobiles,Xiaomi,140299,Get the best value with Xiaomi Galaxy S24 5G 2025. Perfect for everyday use. Includes 128GB Storage | 8GB RAM | 50MP Camera | 5000mAh Battery.,4.1,101,https://images.unsplash.com/photo-Rv2kTIuya_I?auto=format&fit=crop&w=300&q=80
22,Xiaomi GT Fold,Mobiles,Xiaomi,100399,Experience premium quality with Xiaomi's Xiaomi GT Fold. Top rated by users. Specs: 512GB Storage | 12GB RAM | 50MP Camera | 5000mAh Battery.,4.9,1373,https://images.unsplash.com/photo-ZHrVk_KPiJU?auto=format&fit=crop&w=300&q=80
23,Xiaomi iPhone 15 Lite,Mobiles,Xiaomi,78899,High performance Mobiles designed for enthusiasts. Lite features included.,3.6,12,https://images.unsplash.com/photo-Rv2kTIuya_I?auto=format&fit=crop&w=300&q=80
24,Apple iPhone 15 Lite,Mobiles,Apple,134199,Experience premium quality with Apple's Apple iPhone 15 Lite. Top rated by users. Specs: 512GB Storage | 12GB RAM | 50MP Camera | 5000mAh Battery.,3.2,1304,https://images.unsplash.com/photo-ZHrVk_KPiJU?auto=format&fit=crop&w=300&q=80
25,Apple Nord Flip,Mobiles,Apple,73599,Experience premium quality with Apple's Apple Nord Flip. Top rated by users. Specs: 256GB Storage | 12GB RAM | 50MP Camera | 5000mAh Battery.,3.3,45,https://images.unsplash.com/photo-Rv2kTIuya_I?auto=format&fit=crop&w=300&q=80
26,Samsung iPhone 15 Max 2024,Mobiles,Samsung,24899,High performance Mobiles designed for enthusiasts. Max features included.,3.8,1508,https://images.unsplash.com/photo-ZHrVk_KPiJU?auto=format&fit=crop&w=300&q=80
27,OnePlus iPhone 15 Fold 2024,Mobiles,OnePlus,20599,High performance Mobiles designed for enthusiasts. Fold features included.,4.2,1641,https://images.unsplash.com/photo-Rv2kTIuya_I?auto=format&fit=crop&w=300&q=80
28,Apple GT Fold 2025,Mobiles,Apple,126799,The new Apple GT Fold 2025 from Apple is a game changer. Features: 512GB Storage | 12GB RAM | 50MP Camera | 5000mAh Battery.,4.3,895,https://images.unsplash.com/photo-Rv2kTIuya_I?auto=format&fit=crop&w=300&q=80
29,OnePlus Redmi Note 5G 2024,Mobiles,OnePlus,115499,Get the best value with OnePlus Redmi Note 5G 2024. Perfect for everyday use. Includes 512GB Storage | 8GB RAM | 50MP Camera | 5000mAh Battery.,4.1,507,https://images.unsplash.com/photo-uFyioIkaep8?auto=format&fit=crop&w=300&q=80
30,OnePlus iPhone 15 5G 2024,Mobiles,OnePlus,63599,Experience premium quality with OnePlus's OnePlus iPhone 15 5G 2024. Top rated by users. Specs: 512GB Storage | 8GB RAM | 50MP Camera | 5000mAh Battery.,4.4,1646,https://images.unsplash.com/photo-uFyioIkaep8?auto=format&fit=crop&w=300&q=80
31,OnePlus Galaxy S24 Pro 2024,Mobiles,OnePlus,112799,Get the best value with OnePlus Galaxy S24 Pro 2024. Perfect for everyday use. Includes 256GB Storage | 8GB RAM | 50MP Camera | 5000mAh Battery.,3.2,1776,https://images.unsplash.com/photo-ZHrVk_KPiJU?auto=format&fit=crop&w=300&q=80
32,Samsung Redmi Note Pro 2025,Mobiles,Samsung,89499,High performance Mobiles designed for enthusiasts. Pro features included.,3.4,623,https://images.unsplash.com/photo-uFyioIkaep8?auto=format&fit=crop&w=300&q=80
33,OnePlus iPhone 15 Ultra 2025,Mobiles,OnePlus,35999,"Stylish and durable, the OnePlus iPhone 15 Ultra 2025 is a must-have. Comes with 128GB Storage | 12GB RAM | 50MP Camera | 5000mAh Battery.",4.4,1221,https://images.unsplash.com/photo-ZHrVk_KPiJU?auto=format&fit=crop&w=300&q=80
34,Xiaomi iPhone 15 Max,Mobiles,Xiaomi,64299,Get the best value with Xiaomi iPhone 15 Max. Perfect for everyday use. Includes 512GB Storage | 12GB RAM | 50MP Camera | 5000mAh Battery.,4.3,1732,https://images.unsplash.com/photo-uFyioIkaep8?auto=format&fit=crop&w=300&q=80
35,Google Redmi Note Pro 2025,Mobiles,Google,28799,Experience premium quality with Google's Google Redmi Note Pro 2025. Top rated by users. Specs: 512GB Storage | 12GB RAM | 50MP Camera | 5000mAh Battery.,4.6,1752,https://images.unsplash.com/photo-Rv2kTIuya_I?auto=format&fit=crop&w=300&q=80
36,Google iPhone 15 Pro,Mobiles,Google,57299,The new Google iPhone 15 Pro from Google is a game changer. Features: 256GB Storage | 12GB RAM | 50MP Camera | 5000mAh Battery.,4.3,314,https://images.unsplash.com/photo-ZHrVk_KPiJU?auto=format&fit=crop&w=300&q=80
37,Realme Nord Lite 2024,Mobiles,Realme,108299,"Stylish and durable, the Realme Nord Lite 2024 is a must-have. Comes with 512GB Storage | 12GB RAM | 50MP Camera | 5000mAh Battery.",4.4,1304,https://images.unsplash.com/photo-ZHrVk_KPiJU?auto=format&fit=crop&w=300&q=80
38,Realme Galaxy S24 5G,Mobiles,Realme,47499,Experience premium quality with Realme's Realme Galaxy S24 5G. Top rated by users. Specs: 128GB Storage | 8GB RAM | 50MP Camera | 5000mAh Battery.,4.9,1428,https://images.unsplash.com/photo-ZHrVk_KPiJU?auto=format&fit=crop&w=300&q=80
39,Google GT Lite,Mobiles,Google,74599,The new Google GT Lite from Google is a game changer. Features: 256GB Storage | 8GB RAM | 50MP Camera | 5000mAh Battery.,3.4,500,https://images.unsplash.com/photo-ZHrVk_KPiJU?auto=format&fit=crop&w=300&q=80
40,Samsung GT Lite,Mobiles,Samsung,15899,High performance Mobiles designed for enthusiasts. Lite features included.,4.7,42,https://images.unsplash.com/photo-uFyioIkaep8?auto=format&fit=crop&w=300&q=80
41,Asus Spectre Gaming 2024,Laptops,Asus,144299,Get the best value with Asus Spectre Gaming 2024. Perfect for everyday use. Includes i5 Processor | 16GB RAM | 1TB SSD | 14-inch Display.,3.8,1407,https://images.unsplash.com/photo-UIgiD10aTOk?auto=format&fit=crop&w=300&q=80
42,Acer XPS Gaming 2025,Laptops,Acer,81999,High performance Laptops designed for enthusiasts. Gaming features included.,3.2,127,https://images.unsplash.com/photo-7Zvf8045-Qo?auto=format&fit=crop&w=300&q=80
43,HP Spectre Convertible 2024,Laptops,HP,234499,Experience premium quality with HP's HP Spectre Convertible 2024. Top rated by users. Specs: M3 Processor | 16GB RAM | 1TB SSD | 14-inch Display.,4.2,858,https://images.unsplash.com/photo-UIgiD10aTOk?auto=format&fit=crop&w=300&q=80
44,Apple ThinkPad Business,Laptops,Apple,239199,The new Apple ThinkPad Business from Apple is a game changer. Features: i7 Processor | 16GB RAM | 1TB SSD | 14-inch Display.,3.7,570,https://images.unsplash.com/photo-7Zvf8045-Qo?auto=format&fit=crop&w=300&q=80
45,Dell ThinkPad Convertible 2025,Laptops,Dell,79099,Get the best value with Dell ThinkPad Convertible 2025. Perfect for everyday use. Includes M3 Processor | 16GB RAM | 1TB SSD | 14-inch Display.,3.0,1116,https://images.unsplash.com/photo-UIgiD10aTOk?auto=format&fit=crop&w=300&q=80
46,Asus XPS Pro 2024,Laptops,Asus,74899,Get the best value with Asus XPS Pro 2024. Perfect for everyday use. Includes i7 Processor | 16GB RAM | 1TB SSD | 14-inch Display.,4.7,1742,https://images.unsplash.com/photo-UIgiD10aTOk?auto=format&fit=crop&w=300&q=80
47,HP ROG Ultrabook 2025,Laptops,HP,124699,Get the best value with HP ROG Ultrabook 2025. Perfect for everyday use. Includes i9 Processor | 16GB RAM | 1TB SSD | 14-inch Display.,4.0,1542,https://images.unsplash.com/photo-7Zvf8045-Qo?auto=format&fit=crop&w=300&q=80
48,Acer Spectre Ultrabook,Laptops,Acer,196599,Get the best value with Acer Spectre Ultrabook. Perfect for everyday use. Includes i7 Processor | 16GB RAM | 1TB SSD | 14-inch Display.,3.2,1144,https://images.unsplash.com/photo-nVqRBcNBsno?auto=format&fit=crop&w=300&q=80
49,Asus XPS Convertible,Laptops,Asus,138899,Get the best value with Asus XPS Convertible. Perfect for everyday use. Includes M3 Processor | 16GB RAM | 1TB SSD | 14-inch Display.,4.1,704,https://images.unsplash.com/photo-7Zvf8045-Qo?auto=format&fit=crop&w=300&q=80
50,Apple MacBook Ultrabook,Laptops,Apple,125499,High performance Laptops designed for enthusiasts. Ultrabook features included.,3.1,1426,https://images.unsplash.com/photo-7Zvf8045-Qo?auto=format&fit=crop&w=300&q=80
51,Dell XPS Gaming,Laptops,Dell,208599,Experience premium quality with Dell's Dell XPS Gaming. Top rated by users. Specs: i9 Processor | 16GB RAM | 1TB SSD | 14-inch Display.,4.7,1501,https://images.unsplash.com/photo-UIgiD10aTOk?auto=format&fit=crop&w=300&q=80
52,Acer ROG Pro,Laptops,Acer,200799,Experience premium quality with Acer's Acer ROG Pro. Top rated by users. Specs: i9 Processor | 16GB RAM | 1TB SSD | 14-inch Display.,4.9,1876,https://images.unsplash.com/photo-UIgiD10aTOk?auto=format&fit=crop&w=300&q=80
53,Asus XPS Business 2024,Laptops,Asus,158699,High performance Laptops designed for enthusiasts. Business features included.,4.1,1661,https://images.unsplash.com/photo-nVqRBcNBsno?auto=format&fit=crop&w=300&q=80
54,Lenovo XPS Ultrabook 2024,Laptops,Lenovo,84499,Experience premium quality with Lenovo's Lenovo XPS Ultrabook 2024. Top rated by users. Specs: i5 Processor | 16GB RAM | 1TB SSD | 14-inch Display.,3.0,424,https://images.unsplash.com/photo-nVqRBcNBsno?auto=format&fit=crop&w=300&q=80
55,Asus MacBook Pro,Laptops,Asus,75599,Get the best value with Asus MacBook Pro. Perfect for everyday use. Includes i7 Processor | 16GB RAM | 1TB SSD | 14-inch Display.,4.5,1450,https://images.unsplash.com/photo-UIgiD10aTOk?auto=format&fit=crop&w=300&q=80
56,Dell XPS Convertible,Laptops,Dell,177699,Get the best value with Dell XPS Convertible. Perfect for everyday use. Includes i7 Processor | 16GB RAM | 1TB SSD | 14-inch Display.,4.9,1304,https://images.unsplash.com/photo-7Zvf8045-Qo?auto=format&fit=crop&w=300&q=80
57,Lenovo MacBook Business 2024,Laptops,Lenovo,117399,The new Lenovo MacBook Business 2024 from Lenovo is a game changer. Features: i7 Processor | 16GB RAM | 1TB SSD | 14-inch Display.,3.3,1882,https://images.unsplash.com/photo-UIgiD10aTOk?auto=format&fit=crop&w=300&q=80
58,Dell ROG Air,Laptops,Dell,180599,High performance Laptops designed for enthusiasts. Air features included.,4.7,1669,https://images.unsplash.com/photo-nVqRBcNBsno?auto=format&fit=crop&w=300&q=80
59,HP MacBook Gaming 2024,Laptops,HP,240699,Experience premium quality with HP's HP MacBook Gaming 2024. Top rated by users. Specs: M3 Processor | 16GB RAM | 1TB SSD | 14-inch Display.,3.4,1097,https://images.unsplash.com/photo-7Zvf8045-Qo?auto=format&fit=crop&w=300&q=80
60,Dell ROG Convertible 2025,Laptops,Dell,34099,High performance Laptops designed for enthusiasts. Convertible features included.,4.8,206,https://images.unsplash.com/photo-nVqRBcNBsno?auto=format&fit=crop&w=300&q=80
61,Asus MacBook Pro 2025,Laptops,Asus,208399,The new Asus MacBook Pro 2025 from Asus is a game changer. Features: i5 Processor | 16GB RAM | 1TB SSD | 14-inch Display.,4.3,1808,https://images.unsplash.com/photo-nVqRBcNBsno?auto=format&fit=crop&w=300&q=80
62,Dell ROG Gaming 2025,Laptops,Dell,139499,Experience premium quality with Dell's Dell ROG Gaming 2025. Top rated by users. Specs: i7 Processor | 16GB RAM | 1TB SSD | 14-inch Display.,3.8,506,https://images.unsplash.com/photo-nVqRBcNBsno?auto=format&fit=crop&w=300&q=80
63,Dell MacBook Ultrabook,Laptops,Dell,105499,Experience premium quality with Dell's Dell MacBook Ultrabook. Top rated by users. Specs: M3 Processor | 16GB RAM | 1TB SSD | 14-inch Display.,4.9,1839,https://images.unsplash.com/photo-nVqRBcNBsno?auto=format&fit=crop&w=300&q=80
64,Apple ROG Pro,Laptops,Apple,186699,The new Apple ROG Pro from Apple is a game changer. Features: i5 Processor | 16GB RAM | 1TB SSD | 14-inch Display.,4.6,1313,https://images.unsplash.com/photo-7Zvf8045-Qo?auto=format&fit=crop&w=300&q=80
65,Lenovo ThinkPad Pro 2024,Laptops,Lenovo,233999,Get the best value with Lenovo ThinkPad Pro 2024. Perfect for everyday use. Includes i9 Processor | 16GB RAM | 1TB SSD | 14-inch Display.,3.1,1801,https://images.unsplash.com/photo-7Zvf8045-Qo?auto=format&fit=crop&w=300&q=80
66,Asus MacBook Ultrabook,Laptops,Asus,213999,High performance Laptops designed for enthusiasts. Ultrabook features included.,3.2,1320,https://images.unsplash.com/photo-nVqRBcNBsno?auto=format&fit=crop&w=300&q=80
67,Apple MacBook Gaming,Laptops,Apple,130499,Get the best value with Apple MacBook Gaming. Perfect for everyday use. Includes i9 Processor | 16GB RAM | 1TB SSD | 14-inch Display.,3.3,1573,https://images.unsplash.com/photo-UIgiD10aTOk?auto=format&fit=crop&w=300&q=80
68,Dell ROG Business,Laptops,Dell,213099,Get the best value with Dell ROG Business. Perfect for everyday use. Includes i9 Processor | 16GB RAM | 1TB SSD | 14-inch Display.,4.1,1786,https://images.unsplash.com/photo-7Zvf8045-Qo?auto=format&fit=crop&w=300&q=80
69,Asus Swift Business 2025,Laptops,Asus,162599,The new Asus Swift Business 2025 from Asus is a game changer. Features: M3 Processor | 16GB RAM | 1TB SSD | 14-inch Display.,4.3,356,https://images.unsplash.com/photo-nVqRBcNBsno?auto=format&fit=crop&w=300&q=80
70,Asus Spectre Pro 2024,Laptops,Asus,98099,"Stylish and durable, the Asus Spectre Pro 2024 is a must-have. Comes with i9 Processor | 16GB RAM | 1TB SSD | 14-inch Display.",4.4,956,https://images.unsplash.com/photo-nVqRBcNBsno?auto=format&fit=crop&w=300&q=80
71,Apple ROG Convertible,Laptops,Apple,78299,Get the best value with Apple ROG Convertible. Perfect for everyday use. Includes i9 Processor | 16GB RAM | 1TB SSD | 14-inch Display.,4.1,161,https://images.unsplash.com/photo-nVqRBcNBsno?auto=format&fit=crop&w=300&q=80
72,Apple Swift Pro,Laptops,Apple,164699,Get the best value with Apple Swift Pro. Perfect for everyday use. Includes i7 Processor | 16GB RAM | 1TB SSD | 14-inch Display.,3.7,76,https://images.unsplash.com/photo-nVqRBcNBsno?auto=format&fit=crop&w=300&q=80
73,Asus Swift Pro,Laptops,Asus,136299,"Stylish and durable, the Asus Swift Pro is a must-have. Comes with i9 Processor | 16GB RAM | 1TB SSD | 14-inch Display.",4.5,347,https://images.unsplash.com/photo-UIgiD10aTOk?auto=format&fit=crop&w=300&q=80
74,Asus MacBook Business 2024,Laptops,Asus,112799,High performance Laptops designed for enthusiasts. Business features included.,3.1,486,https://images.unsplash.com/photo-nVqRBcNBsno?auto=format&fit=crop&w=300&q=80
75,HP MacBook Air 2025,Laptops,HP,209899,High performance Laptops designed for enthusiasts. Air features included.,3.4,1021,https://images.unsplash.com/photo-7Zvf8045-Qo?auto=format&fit=crop&w=300&q=80
76,Asus Swift Ultrabook 2024,Laptops,Asus,91299,High performance Laptops designed for enthusiasts. Ultrabook features included.,4.3,137,https://images.unsplash.com/photo-UIgiD10aTOk?auto=format&fit=crop&w=300&q=80
77,Acer Spectre Ultrabook 2024,Laptops,Acer,194399,Experience premium quality with Acer's Acer Spectre Ultrabook 2024. Top rated by users. Specs: M3 Processor | 16GB RAM | 1TB SSD | 14-inch Display.,4.3,10,https://images.unsplash.com/photo-UIgiD10aTOk?auto=format&fit=crop&w=300&q=80
78,Asus ROG Pro 2024,Laptops,Asus,196499,Get the best value with Asus ROG Pro 2024. Perfect for everyday use. Includes i5 Processor | 16GB RAM | 1TB SSD | 14-inch Display.,4.9,1812,https://images.unsplash.com/photo-UIgiD10aTOk?auto=format&fit=crop&w=300&q=80
79,Apple ThinkPad Pro 2024,Laptops,Apple,93999,Get the best value with Apple ThinkPad Pro 2024. Perfect for everyday use. Includes i7 Processor | 16GB RAM | 1TB SSD | 14-inch Display.,4.1,879,https://images.unsplash.com/photo-nVqRBcNBsno?auto=format&fit=crop&w=300&q=80
80,Asus Spectre Pro,Laptops,Asus,206899,Experience premium quality with Asus's Asus Spectre Pro. Top rated by users. Specs: i7 Processor | 16GB RAM | 1TB SSD | 14-inch Display.,3.5,528,https://images.unsplash.com/photo-nVqRBcNBsno?auto=format&fit=crop&w=300&q=80
81,JBL QuietComfort Studio 2024,Headphones,JBL,11299,"Stylish and durable, the JBL QuietComfort Studio 2024 is a must-have. Comes with 30h Battery | Active Noise Cancellation | Bluetooth 5.3.",3.2,988,https://images.unsplash.com/photo-wjEcEOI8rWg?auto=format&fit=crop&w=300&q=80
82,JBL WH-1000XM5 True Wireless,Headphones,JBL,17099,High performance Headphones designed for enthusiasts. True Wireless features included.,3.9,133,https://images.unsplash.com/photo-eiGjG_n4BrU?auto=format&fit=crop&w=300&q=80
83,Sony Studio3 Noise-Cancelling 2025,Headphones,Sony,9199,Get the best value with Sony Studio3 Noise-Cancelling 2025. Perfect for everyday use. Includes 30h Battery | Active Noise Cancellation | Bluetooth 5.3.,3.7,1252,https://images.unsplash.com/photo-wjEcEOI8rWg?auto=format&fit=crop&w=300&q=80
84,Apple WH-1000XM5 Bass,Headphones,Apple,18399,"Stylish and durable, the Apple WH-1000XM5 Bass is a must-have. Comes with 30h Battery | Active Noise Cancellation | Bluetooth 5.3.",4.6,275,https://images.unsplash.com/photo-eiGjG_n4BrU?auto=format&fit=crop&w=300&q=80
85,Apple WH-1000XM5 Bass 2025,Headphones,Apple,19099,Experience premium quality with Apple's Apple WH-1000XM5 Bass 2025. Top rated by users. Specs: 30h Battery | Active Noise Cancellation | Bluetooth 5.3.,4.9,1730,https://images.unsplash.com/photo-eiGjG_n4BrU?auto=format&fit=crop&w=300&q=80
86,Apple Tune Noise-Cancelling,Headphones,Apple,11799,Experience premium quality with Apple's Apple Tune Noise-Cancelling. Top rated by users. Specs: 30h Battery | Active Noise Cancellation | Bluetooth 5.3.,3.5,185,https://images.unsplash.com/photo-wjEcEOI8rWg?auto=format&fit=crop&w=300&q=80
87,Beats Tune True Wireless,Headphones,Beats,7899,Get the best value with Beats Tune True Wireless. Perfect for everyday use. Includes 30h Battery | Active Noise Cancellation | Bluetooth 5.3.,4.0,431,https://images.unsplash.com/photo-JphZSKMy2qA?auto=format&fit=crop&w=300&q=80
88,Sennheiser WH-1000XM5 Studio 2024,Headphones,Sennheiser,8599,"Stylish and durable, the Sennheiser WH-1000XM5 Studio 2024 is a must-have. Comes with 30h Battery | Active Noise Cancellation | Bluetooth 5.3.",4.2,1481,https://images.unsplash.com/photo-eiGjG_n4BrU?auto=format&fit=crop&w=300&q=80
89,Beats Momentum Noise-Cancelling 2025,Headphones,Beats,29999,High performance Headphones designed for enthusiasts. Noise-Cancelling features included.,3.1,485,https://images.unsplash.com/photo-JphZSKMy2qA?auto=format&fit=crop&w=300&q=80
90,JBL Studio3 Bass 2024,Headphones,JBL,10399,Experience premium quality with JBL's JBL Studio3 Bass 2024. Top rated by users. Specs: 30h Battery | Active Noise Cancellation | Bluetooth 5.3.,4.7,489,https://images.unsplash.com/photo-wjEcEOI8rWg?auto=format&fit=crop&w=300&q=80
91,JBL WH-1000XM5 Studio 2024,Headphones,JBL,8199,Experience premium quality with JBL's JBL WH-1000XM5 Studio 2024. Top rated by users. Specs: 30h Battery | Active Noise Cancellation | Bluetooth 5.3.,3.3,986,https://images.unsplash.com/photo-eiGjG_n4BrU?auto=format&fit=crop&w=300&q=80
92,Sony Momentum Noise-Cancelling,Headphones,Sony,9199,"Stylish and durable, the Sony Momentum Noise-Cancelling is a must-have. Comes with 30h Battery | Active Noise Cancellation | Bluetooth 5.3.",4.6,446,https://images.unsplash.com/photo-wjEcEOI8rWg?auto=format&fit=crop&w=300&q=80
93,Apple QuietComfort Wireless 2024,Headphones,Apple,20999,Experience premium quality with Apple's Apple QuietComfort Wireless 2024. Top rated by users. Specs: 30h Battery | Active Noise Cancellation | Bluetooth 5.3.,3.9,1124,https://images.unsplash.com/photo-JphZSKMy2qA?auto=format&fit=crop&w=300&q=80
94,Beats WH-1000XM5 Studio,Headphones,Beats,23799,"Stylish and durable, the Beats WH-1000XM5 Studio is a must-have. Comes with 30h Battery | Active Noise Cancellation | Bluetooth 5.3.",4.3,656,https://images.unsplash.com/photo-wjEcEOI8rWg?auto=format&fit=crop&w=300&q=80
95,Bose QuietComfort Studio,Headphones,Bose,32399,"Stylish and durable, the Bose QuietComfort Studio is a must-have. Comes with 30h Battery | Active Noise Cancellation | Bluetooth 5.3.",3.5,1456,https://images.unsplash.com/photo-JphZSKMy2qA?auto=format&fit=crop&w=300&q=80
96,Apple WH-1000XM5 Studio,Headphones,Apple,33799,Get the best value with Apple WH-1000XM5 Studio. Perfect for everyday use. Includes 30h Battery | Active Noise Cancellation | Bluetooth 5.3.,4.0,728,https://images.unsplash.com/photo-wjEcEOI8rWg?auto=format&fit=crop&w=300&q=80
97,JBL Tune Wireless 2024,Headphones,JBL,34399,Experience premium quality with JBL's JBL Tune Wireless 2024. Top rated by users. Specs: 30h Battery | Active Noise Cancellation | Bluetooth 5.3.,3.2,393,https://images.unsplash.com/photo-wjEcEOI8rWg?auto=format&fit=crop&w=300&q=80
98,JBL QuietComfort Wireless,Headphones,JBL,17599,The new JBL QuietComfort Wireless from JBL is a game changer. Features: 30h Battery | Active Noise Cancellation | Bluetooth 5.3.,4.1,1669,https://images.unsplash.com/photo-eiGjG_n4BrU?auto=format&fit=crop&w=300&q=80
99,JBL QuietComfort True Wireless,Headphones,JBL,9499,"Stylish and durable, the JBL QuietComfort True Wireless is a must-have. Comes with 30h Battery | Active Noise Cancellation | Bluetooth 5.3.",3.4,1159,https://images.unsplash.com/photo-eiGjG_n4BrU?auto=format&fit=crop&w=300&q=80
100,Apple Studio3 Studio,Headphones,Apple,22799,The new Apple Studio3 Studio from Apple is a game changer. Features: 30h Battery | Active Noise Cancellation | Bluetooth 5.3.,4.7,212,https://images.unsplash.com/photo-JphZSKMy2qA?auto=format&fit=crop&w=300&q=80
101,Apple AirPods True Wireless,Headphones,Apple,3699,Experience premium quality with Apple's Apple AirPods True Wireless. Top rated by users. Specs: 30h Battery | Active Noise Cancellation | Bluetooth 5.3.,4.3,37,https://images.unsplash.com/photo-wjEcEOI8rWg?auto=format&fit=crop&w=300&q=80
102,Bose WH-1000XM5 True Wireless,Headphones,Bose,21699,"Stylish and durable, the Bose WH-1000XM5 True Wireless is a must-have. Comes with 30h Battery | Active Noise Cancellation | Bluetooth 5.3.",5.0,1656,https://images.unsplash.com/photo-JphZSKMy2qA?auto=format&fit=crop&w=300&q=80
103,Apple QuietComfort Wireless,Headphones,Apple,29699,The new Apple QuietComfort Wireless from Apple is a game changer. Features: 30h Battery | Active Noise Cancellation | Bluetooth 5.3.,3.0,1162,https://images.unsplash.com/photo-JphZSKMy2qA?auto=format&fit=crop&w=300&q=80
104,Sennheiser AirPods True Wireless,Headphones,Sennheiser,22099,The new Sennheiser AirPods True Wireless from Sennheiser is a game changer. Features: 30h Battery | Active Noise Cancellation | Bluetooth 5.3.,3.3,755,https://images.unsplash.com/photo-eiGjG_n4BrU?auto=format&fit=crop&w=300&q=80
105,Sony WH-1000XM5 Studio 2024,Headphones,Sony,24199,The new Sony WH-1000XM5 Studio 2024 from Sony is a game changer. Features: 30h Battery | Active Noise Cancellation | Bluetooth 5.3.,3.6,1007,https://images.unsplash.com/photo-wjEcEOI8rWg?auto=format&fit=crop&w=300&q=80
106,Sony WH-1000XM5 Noise-Cancelling,Headphones,Sony,12799,High performance Headphones designed for enthusiasts. Noise-Cancelling features included.,3.7,1525,https://images.unsplash.com/photo-JphZSKMy2qA?auto=format&fit=crop&w=300&q=80
107,Sennheiser AirPods Noise-Cancelling 2025,Headphones,Sennheiser,27899,Experience premium quality with Sennheiser's Sennheiser AirPods Noise-Cancelling 2025. Top rated by users. Specs: 30h Battery | Active Noise Cancellation | Bluetooth 5.3.,3.6,1730,https://images.unsplash.com/photo-eiGjG_n4BrU?auto=format&fit=crop&w=300&q=80
108,Sony Studio3 True Wireless,Headphones,Sony,5699,Get the best value with Sony Studio3 True Wireless. Perfect for everyday use. Includes 30h Battery | Active Noise Cancellation | Bluetooth 5.3.,4.6,156,https://images.unsplash.com/photo-wjEcEOI8rWg?auto=format&fit=crop&w=300&q=80
109,Sony Studio3 Studio 2024,Headphones,Sony,23399,Experience premium quality with Sony's Sony Studio3 Studio 2024. Top rated by users. Specs: 30h Battery | Active Noise Cancellation | Bluetooth 5.3.,3.9,884,https://images.unsplash.com/photo-wjEcEOI8rWg?auto=format&fit=crop&w=300&q=80
110,JBL Studio3 Studio,Headphones,JBL,12099,The new JBL Studio3 Studio from JBL is a game changer. Features: 30h Battery | Active Noise Cancellation | Bluetooth 5.3.,3.3,1458,https://images.unsplash.com/photo-wjEcEOI8rWg?auto=format&fit=crop&w=300&q=80
111,Apple Momentum Noise-Cancelling 2025,Headphones,Apple,15299,"Stylish and durable, the Apple Momentum Noise-Cancelling 2025 is a must-have. Comes with 30h Battery | Active Noise Cancellation | Bluetooth 5.3.",3.7,794,https://images.unsplash.com/photo-wjEcEOI8rWg?auto=format&fit=crop&w=300&q=80
112,JBL Tune Noise-Cancelling 2025,Headphones,JBL,6299,"Stylish and durable, the JBL Tune Noise-Cancelling 2025 is a must-have. Comes with 30h Battery | Active Noise Cancellation | Bluetooth 5.3.",4.8,816,https://images.unsplash.com/photo-wjEcEOI8rWg?auto=format&fit=crop&w=300&q=80
113,Sennheiser QuietComfort Bass 2024,Headphones,Sennheiser,29099,"Stylish and durable, the Sennheiser QuietComfort Bass 2024 is a must-have. Comes with 30h Battery | Active Noise Cancellation | Bluetooth 5.3.",3.3,1237,https://images.unsplash.com/photo-eiGjG_n4BrU?auto=format&fit=crop&w=300&q=80
114,Beats Studio3 Wireless 2024,Headphones,Beats,7299,High performance Headphones designed for enthusiasts. Wireless features included.,4.9,50,https://images.unsplash.com/photo-JphZSKMy2qA?auto=format&fit=crop&w=300&q=80
115,Sennheiser Tune Bass 2025,Headphones,Sennheiser,2399,The new Sennheiser Tune Bass 2025 from Sennheiser is a game changer. Features: 30h Battery | Active Noise Cancellation | Bluetooth 5.3.,4.0,1443,https://images.unsplash.com/photo-JphZSKMy2qA?auto=format&fit=crop&w=300&q=80
116,Beats WH-1000XM5 Noise-Cancelling,Headphones,Beats,17999,High performance Headphones designed for enthusiasts. Noise-Cancelling features included.,4.5,1699,https://images.unsplash.com/photo-JphZSKMy2qA?auto=format&fit=crop&w=300&q=80
117,JBL WH-1000XM5 Studio,Headphones,JBL,32399,Get the best value with JBL WH-1000XM5 Studio. Perfect for everyday use. Includes 30h Battery | Active Noise Cancellation | Bluetooth 5.3.,3.5,1867,https://images.unsplash.com/photo-eiGjG_n4BrU?auto=format&fit=crop&w=300&q=80
118,Apple Momentum Noise-Cancelling,Headphones,Apple,15199,Get the best value with Apple Momentum Noise-Cancelling. Perfect for everyday use. Includes 30h Battery | Active Noise Cancellation | Bluetooth 5.3.,4.0,183,https://images.unsplash.com/photo-eiGjG_n4BrU?auto=format&fit=crop&w=300&q=80
119,Bose Tune Noise-Cancelling,Headphones,Bose,32999,Get the best value with Bose Tune Noise-Cancelling. Perfect for everyday use. Includes 30h Battery | Active Noise Cancellation | Bluetooth 5.3.,4.9,856,https://images.unsplash.com/photo-eiGjG_n4BrU?auto=format&fit=crop&w=300&q=80
120,Beats Tune Noise-Cancelling,Headphones,Beats,8999,Experience premium quality with Beats's Beats Tune Noise-Cancelling. Top rated by users. Specs: 30h Battery | Active Noise Cancellation | Bluetooth 5.3.,3.7,999,https://images.unsplash.com/photo-wjEcEOI8rWg?auto=format&fit=crop&w=300&q=80
121,Adidas Sport Jacket,Fashion,Adidas,4699,Get the best value with Adidas Sport Jacket. Perfect for everyday use. Includes .,4.1,376,https://images.unsplash.com/photo-4rUYuwJ2vGw?auto=format&fit=crop&w=300&q=80
122,Nike Slim-Fit Jacket,Fashion,Nike,9699,Experience premium quality with Nike's Nike Slim-Fit Jacket. Top rated by users. Specs: .,5.0,1104,https://images.unsplash.com/photo-fiA7sq2PdnQ?auto=format&fit=crop&w=300&q=80
123,H&M Formal T-Shirt,Fashion,H&M,5599,"Stylish and durable, the H&M Formal T-Shirt is a must-have. Comes with .",3.8,404,https://images.unsplash.com/photo-acn5ERAeSb4?auto=format&fit=crop&w=300&q=80
124,Nike Vintage Dress 2025,Fashion,Nike,3199,The new Nike Vintage Dress 2025 from Nike is a game changer. Features: .,3.4,833,https://images.unsplash.com/photo-fiA7sq2PdnQ?auto=format&fit=crop&w=300&q=80
125,Nike Slim-Fit T-Shirt 2025,Fashion,Nike,5099,"Stylish and durable, the Nike Slim-Fit T-Shirt 2025 is a must-have. Comes with .",3.8,1750,https://images.unsplash.com/photo-fiA7sq2PdnQ?auto=format&fit=crop&w=300&q=80
126,Zara Slim-Fit Dress,Fashion,Zara,3799,High performance Fashion designed for enthusiasts. Slim-Fit features included.,3.4,262,https://images.unsplash.com/photo-acn5ERAeSb4?auto=format&fit=crop&w=300&q=80
127,Zara Summer Jacket,Fashion,Zara,4599,Experience premium quality with Zara's Zara Summer Jacket. Top rated by users. Specs: .,4.5,840,https://images.unsplash.com/photo-acn5ERAeSb4?auto=format&fit=crop&w=300&q=80
128,Adidas Casual T-Shirt,Fashion,Adidas,7999,Get the best value with Adidas Casual T-Shirt. Perfect for everyday use. Includes .,3.5,513,https://images.unsplash.com/photo-acn5ERAeSb4?auto=format&fit=crop&w=300&q=80
129,Gucci Vintage T-Shirt,Fashion,Gucci,1299,Get the best value with Gucci Vintage T-Shirt. Perfect for everyday use. Includes .,4.4,168,https://images.unsplash.com/photo-acn5ERAeSb4?auto=format&fit=crop&w=300&q=80
130,Levi's Sport Jeans 2025,Fashion,Levi's,7199,Experience premium quality with Levi's's Levi's Sport Jeans 2025. Top rated by users. Specs: .,3.2,1499,https://images.unsplash.com/photo-fiA7sq2PdnQ?auto=format&fit=crop&w=300&q=80
131,Adidas Slim-Fit Jacket,Fashion,Adidas,4799,Experience premium quality with Adidas's Adidas Slim-Fit Jacket. Top rated by users. Specs: .,3.9,1625,https://images.unsplash.com/photo-h8-ISoZOC9M?auto=format&fit=crop&w=300&q=80
132,Levi's Summer Sneakers,Fashion,Levi's,9399,High performance Fashion designed for enthusiasts. Summer features included.,3.0,1305,https://images.unsplash.com/photo-h8-ISoZOC9M?auto=format&fit=crop&w=300&q=80
133,Adidas Slim-Fit Jacket,Fashion,Adidas,8399,"Stylish and durable, the Adidas Slim-Fit Jacket is a must-have. Comes with .",4.6,408,https://images.unsplash.com/photo-h8-ISoZOC9M?auto=format&fit=crop&w=300&q=80
134,Nike Sport Hoodie,Fashion,Nike,14399,Get the best value with Nike Sport Hoodie. Perfect for everyday use. Includes .,4.9,154,https://images.unsplash.com/photo-h8-ISoZOC9M?auto=format&fit=crop&w=300&q=80
135,Zara Vintage Jacket,Fashion,Zara,1599,Get the best value with Zara Vintage Jacket. Perfect for everyday use. Includes .,4.1,1980,https://images.unsplash.com/photo-4rUYuwJ2vGw?auto=format&fit=crop&w=300&q=80
136,Gucci Vintage Hoodie 2025,Fashion,Gucci,11199,"Stylish and durable, the Gucci Vintage Hoodie 2025 is a must-have. Comes with .",3.5,1270,https://images.unsplash.com/photo-acn5ERAeSb4?auto=format&fit=crop&w=300&q=80
137,H&M Slim-Fit Dress 2024,Fashion,H&M,9799,Experience premium quality with H&M's H&M Slim-Fit Dress 2024. Top rated by users. Specs: .,4.2,311,https://images.unsplash.com/photo-h8-ISoZOC9M?auto=format&fit=crop&w=300&q=80
138,Zara Slim-Fit Jacket,Fashion,Zara,7999,"Stylish and durable, the Zara Slim-Fit Jacket is a must-have. Comes with .",4.4,1980,https://images.unsplash.com/photo-fiA7sq2PdnQ?auto=format&fit=crop&w=300&q=80
139,Zara Vintage Sneakers 2024,Fashion,Zara,11199,Experience premium quality with Zara's Zara Vintage Sneakers 2024. Top rated by users. Specs: .,4.5,1364,https://images.unsplash.com/photo-4rUYuwJ2vGw?auto=format&fit=crop&w=300&q=80
140,Gucci Summer Hoodie 2025,Fashion,Gucci,14099,High performance Fashion designed for enthusiasts. Summer features included.,4.9,379,https://images.unsplash.com/photo-4rUYuwJ2vGw?auto=format&fit=crop&w=300&q=80
141,H&M Slim-Fit T-Shirt,Fashion,H&M,14199,"Stylish and durable, the H&M Slim-Fit T-Shirt is a must-have. Comes with .",3.9,404,https://images.unsplash.com/photo-h8-ISoZOC9M?auto=format&fit=crop&w=300&q=80
142,Levi's Casual Jacket,Fashion,Levi's,3899,Get the best value with Levi's Casual Jacket. Perfect for everyday use. Includes .,4.9,1960,https://images.unsplash.com/photo-4rUYuwJ2vGw?auto=format&fit=crop&w=300&q=80
143,Levi's Slim-Fit Jeans 2025,Fashion,Levi's,9899,Experience premium quality with Levi's's Levi's Slim-Fit Jeans 2025. Top rated by users. Specs: .,4.4,1785,https://images.unsplash.com/photo-h8-ISoZOC9M?auto=format&fit=crop&w=300&q=80
144,Nike Summer Jacket 2025,Fashion,Nike,10699,Get the best value with Nike Summer Jacket 2025. Perfect for everyday use. Includes .,4.5,59,https://images.unsplash.com/photo-fiA7sq2PdnQ?auto=format&fit=crop&w=300&q=80
145,Gucci Summer Jacket 2025,Fashion,Gucci,10899,High performance Fashion designed for enthusiasts. Summer features included.,3.9,1224,https://images.unsplash.com/photo-acn5ERAeSb4?auto=format&fit=crop&w=300&q=80
146,Levi's Formal Dress 2025,Fashion,Levi's,6399,High performance Fashion designed for enthusiasts. Formal features included.,4.6,1904,https://images.unsplash.com/photo-4rUYuwJ2vGw?auto=format&fit=crop&w=300&q=80
147,Levi's Slim-Fit Hoodie,Fashion,Levi's,4199,"Stylish and durable, the Levi's Slim-Fit Hoodie is a must-have. Comes with .",4.2,1882,https://images.unsplash.com/photo-h8-ISoZOC9M?auto=format&fit=crop&w=300&q=80
148,H&M Summer Dress,Fashion,H&M,3399,The new H&M Summer Dress from H&M is a game changer. Features: .,3.7,377,https://images.unsplash.com/photo-4rUYuwJ2vGw?auto=format&fit=crop&w=300&q=80
149,H&M Vintage Dress 2024,Fashion,H&M,7699,"Stylish and durable, the H&M Vintage Dress 2024 is a must-have. Comes with .",4.4,1259,https://images.unsplash.com/photo-h8-ISoZOC9M?auto=format&fit=crop&w=300&q=80
150,H&M Vintage T-Shirt 2024,Fashion,H&M,999,"Stylish and durable, the H&M Vintage T-Shirt 2024 is a must-have. Comes with .",4.9,1746,https://images.unsplash.com/photo-h8-ISoZOC9M?auto=format&fit=crop&w=300&q=80
151,Zara Sport Dress 2024,Fashion,Zara,2399,High performance Fashion designed for enthusiasts. Sport features included.,4.1,1124,https://images.unsplash.com/photo-h8-ISoZOC9M?auto=format&fit=crop&w=300&q=80
152,H&M Formal Sneakers 2025,Fashion,H&M,7099,Experience premium quality with H&M's H&M Formal Sneakers 2025. Top rated by users. Specs: .,3.1,1445,https://images.unsplash.com/photo-fiA7sq2PdnQ?auto=format&fit=crop&w=300&q=80
153,Levi's Casual Jacket,Fashion,Levi's,10199,"Stylish and durable, the Levi's Casual Jacket is a must-have. Comes with .",3.9,1557,https://images.unsplash.com/photo-acn5ERAeSb4?auto=format&fit=crop&w=300&q=80
154,Adidas Sport Sneakers 2025,Fashion,Adidas,3899,Experience premium quality with Adidas's Adidas Sport Sneakers 2025. Top rated by users. Specs: .,3.1,183,https://images.unsplash.com/photo-4rUYuwJ2vGw?auto=format&fit=crop&w=300&q=80
155,Gucci Casual Hoodie 2025,Fashion,Gucci,12699,Get the best value with Gucci Casual Hoodie 2025. Perfect for everyday use. Includes .,4.7,1395,https://images.unsplash.com/photo-h8-ISoZOC9M?auto=format&fit=crop&w=300&q=80
156,Levi's Casual Sneakers 2025,Fashion,Levi's,2699,High performance Fashion designed for enthusiasts. Casual features included.,4.3,1662,https://images.unsplash.com/photo-h8-ISoZOC9M?auto=format&fit=crop&w=300&q=80
157,Zara Formal Sneakers 2024,Fashion,Zara,2799,High performance Fashion designed for enthusiasts. Formal features included.,4.6,548,https://images.unsplash.com/photo-acn5ERAeSb4?auto=format&fit=crop&w=300&q=80
158,Nike Slim-Fit Jeans,Fashion,Nike,7299,"Stylish and durable, the Nike Slim-Fit Jeans is a must-have. Comes with .",3.6,1010,https://images.unsplash.com/photo-acn5ERAeSb4?auto=format&fit=crop&w=300&q=80
159,Gucci Slim-Fit Jeans 2024,Fashion,Gucci,14399,Get the best value with Gucci Slim-Fit Jeans 2024. Perfect for everyday use. Includes .,3.7,1699,https://images.unsplash.com/photo-acn5ERAeSb4?auto=format&fit=crop&w=300&q=80
160,Nike Summer Jacket,Fashion,Nike,14299,"Stylish and durable, the Nike Summer Jacket is a must-have. Comes with .",3.4,1651,https://images.unsplash.com/photo-fiA7sq2PdnQ?auto=format&fit=crop&w=300&q=80
161,Apple Fenix Sport 2024,Smart Watches,Apple,66199,The new Apple Fenix Sport 2024 from Apple is a game changer. Features: .,4.7,981,https://images.unsplash.com/photo-PZIMsQAnEh8?auto=format&fit=crop&w=300&q=80
162,Garmin Sense Pro 2024,Smart Watches,Garmin,20199,The new Garmin Sense Pro 2024 from Garmin is a game changer. Features: .,3.1,1808,https://images.unsplash.com/photo-n2ZrdKos-rU?auto=format&fit=crop&w=300&q=80
163,Fitbit Galaxy Watch Pro,Smart Watches,Fitbit,32299,The new Fitbit Galaxy Watch Pro from Fitbit is a game changer. Features: .,4.0,1924,https://images.unsplash.com/photo-PZIMsQAnEh8?auto=format&fit=crop&w=300&q=80
164,Fossil Watch Classic 2025,Smart Watches,Fossil,77999,The new Fossil Watch Classic 2025 from Fossil is a game changer. Features: .,3.7,494,https://images.unsplash.com/photo-n2ZrdKos-rU?auto=format&fit=crop&w=300&q=80
165,Apple Sense Sport,Smart Watches,Apple,41099,The new Apple Sense Sport from Apple is a game changer. Features: .,3.2,966,https://images.unsplash.com/photo-n2ZrdKos-rU?auto=format&fit=crop&w=300&q=80
166,Garmin Watch Sport 2025,Smart Watches,Garmin,19499,Experience premium quality with Garmin's Garmin Watch Sport 2025. Top rated by users. Specs: .,4.4,1179,https://images.unsplash.com/photo-n2ZrdKos-rU?auto=format&fit=crop&w=300&q=80
167,Fossil Fenix Classic,Smart Watches,Fossil,7399,Get the best value with Fossil Fenix Classic. Perfect for everyday use. Includes .,5.0,758,https://images.unsplash.com/photo-PZIMsQAnEh8?auto=format&fit=crop&w=300&q=80
168,Apple Galaxy Watch Series 9,Smart Watches,Apple,35299,The new Apple Galaxy Watch Series 9 from Apple is a game changer. Features: .,4.4,1852,https://images.unsplash.com/photo-PZIMsQAnEh8?auto=format&fit=crop&w=300&q=80
169,Garmin Sense Versa,Smart Watches,Garmin,67999,Get the best value with Garmin Sense Versa. Perfect for everyday use. Includes .,4.7,427,https://images.unsplash.com/photo-29pdRYIyo-4?auto=format&fit=crop&w=300&q=80
170,Apple Galaxy Watch Sport,Smart Watches,Apple,5999,High performance Smart Watches designed for enthusiasts. Sport features included.,3.3,1836,https://images.unsplash.com/photo-29pdRYIyo-4?auto=format&fit=crop&w=300&q=80
171,Samsung Fenix Versa 2024,Smart Watches,Samsung,49199,"Stylish and durable, the Samsung Fenix Versa 2024 is a must-have. Comes with .",4.5,1370,https://images.unsplash.com/photo-n2ZrdKos-rU?auto=format&fit=crop&w=300&q=80
172,Samsung Sense Sport,Smart Watches,Samsung,8699,Get the best value with Samsung Sense Sport. Perfect for everyday use. Includes .,4.1,995,https://images.unsplash.com/photo-29pdRYIyo-4?auto=format&fit=crop&w=300&q=80
173,Fitbit Gen 6 Classic 2025,Smart Watches,Fitbit,6199,Experience premium quality with Fitbit's Fitbit Gen 6 Classic 2025. Top rated by users. Specs: .,3.2,1806,https://images.unsplash.com/photo-n2ZrdKos-rU?auto=format&fit=crop&w=300&q=80
174,Apple Sense Classic,Smart Watches,Apple,25599,Get the best value with Apple Sense Classic. Perfect for everyday use. Includes .,3.3,1749,https://images.unsplash.com/photo-n2ZrdKos-rU?auto=format&fit=crop&w=300&q=80
175,Apple Watch Pro,Smart Watches,Apple,15499,Get the best value with Apple Watch Pro. Perfect for everyday use. Includes .,3.5,1781,https://images.unsplash.com/photo-n2ZrdKos-rU?auto=format&fit=crop&w=300&q=80
176,Garmin Watch Classic 2024,Smart Watches,Garmin,61999,"Stylish and durable, the Garmin Watch Classic 2024 is a must-have. Comes with .",4.0,1108,https://images.unsplash.com/photo-n2ZrdKos-rU?auto=format&fit=crop&w=300&q=80
177,Fitbit Galaxy Watch Pro 2024,Smart Watches,Fitbit,77999,Experience premium quality with Fitbit's Fitbit Galaxy Watch Pro 2024. Top rated by users. Specs: .,3.3,382,https://images.unsplash.com/photo-29pdRYIyo-4?auto=format&fit=crop&w=300&q=80
178,Fitbit Galaxy Watch Sport 2025,Smart Watches,Fitbit,6299,High performance Smart Watches designed for enthusiasts. Sport features included.,4.2,1362,https://images.unsplash.com/photo-n2ZrdKos-rU?auto=format&fit=crop&w=300&q=80
179,Fossil Watch Versa,Smart Watches,Fossil,76899,High performance Smart Watches designed for enthusiasts. Versa features included.,3.9,1533,https://images.unsplash.com/photo-n2ZrdKos-rU?auto=format&fit=crop&w=300&q=80
180,Fitbit Watch Classic 2025,Smart Watches,Fitbit,78999,High performance Smart Watches designed for enthusiasts. Classic features included.,3.7,298,https://images.unsplash.com/photo-29pdRYIyo-4?auto=format&fit=crop&w=300&q=80
181,Fossil Sense Pro,Smart Watches,Fossil,29599,The new Fossil Sense Pro from Fossil is a game changer. Features: .,3.8,45,https://images.unsplash.com/photo-29pdRYIyo-4?auto=format&fit=crop&w=300&q=80
182,Fossil Watch Versa,Smart Watches,Fossil,18999,Experience premium quality with Fossil's Fossil Watch Versa. Top rated by users. Specs: .,3.7,1798,https://images.unsplash.com/photo-n2ZrdKos-rU?auto=format&fit=crop&w=300&q=80
183,Apple Sense Series 9 2025,Smart Watches,Apple,11099,The new Apple Sense Series 9 2025 from Apple is a game changer. Features: .,4.1,1996,https://images.unsplash.com/photo-29pdRYIyo-4?auto=format&fit=crop&w=300&q=80
184,Samsung Gen 6 Sport,Smart Watches,Samsung,16799,The new Samsung Gen 6 Sport from Samsung is a game changer. Features: .,4.0,556,https://images.unsplash.com/photo-PZIMsQAnEh8?auto=format&fit=crop&w=300&q=80
185,Fitbit Sense Versa,Smart Watches,Fitbit,68599,The new Fitbit Sense Versa from Fitbit is a game changer. Features: .,4.9,1208,https://images.unsplash.com/photo-n2ZrdKos-rU?auto=format&fit=crop&w=300&q=80
186,Garmin Watch Pro,Smart Watches,Garmin,33499,The new Garmin Watch Pro from Garmin is a game changer. Features: .,4.2,760,https://images.unsplash.com/photo-29pdRYIyo-4?auto=format&fit=crop&w=300&q=80
187,Samsung Gen 6 Versa,Smart Watches,Samsung,17799,"Stylish and durable, the Samsung Gen 6 Versa is a must-have. Comes with .",4.5,1245,https://images.unsplash.com/photo-29pdRYIyo-4?auto=format&fit=crop&w=300&q=80
188,Fitbit Gen 6 Series 9,Smart Watches,Fitbit,41599,High performance Smart Watches designed for enthusiasts. Series 9 features included.,4.7,565,https://images.unsplash.com/photo-PZIMsQAnEh8?auto=format&fit=crop&w=300&q=80
189,Samsung Galaxy Watch Sport,Smart Watches,Samsung,14499,"Stylish and durable, the Samsung Galaxy Watch Sport is a must-have. Comes with .",4.2,241,https://images.unsplash.com/photo-n2ZrdKos-rU?auto=format&fit=crop&w=300&q=80
190,Garmin Gen 6 Versa 2024,Smart Watches,Garmin,31999,Experience premium quality with Garmin's Garmin Gen 6 Versa 2024. Top rated by users. Specs: .,4.9,142,https://images.unsplash.com/photo-n2ZrdKos-rU?auto=format&fit=crop&w=300&q=80
191,Fitbit Gen 6 Sport 2025,Smart Watches,Fitbit,72199,High performance Smart Watches designed for enthusiasts. Sport features included.,3.4,289,https://images.unsplash.com/photo-29pdRYIyo-4?auto=format&fit=crop&w=300&q=80
192,Samsung Gen 6 Versa,Smart Watches,Samsung,73399,The new Samsung Gen 6 Versa from Samsung is a game changer. Features: .,4.7,1675,https://images.unsplash.com/photo-n2ZrdKos-rU?auto=format&fit=crop&w=300&q=80
193,Apple Fenix Sport 2025,Smart Watches,Apple,17499,"Stylish and durable, the Apple Fenix Sport 2025 is a must-have. Comes with .",3.2,1971,https://images.unsplash.com/photo-29pdRYIyo-4?auto=format&fit=crop&w=300&q=80
194,Samsung Gen 6 Series 9,Smart Watches,Samsung,44299,The new Samsung Gen 6 Series 9 from Samsung is a game changer. Features: .,4.8,1856,https://images.unsplash.com/photo-29pdRYIyo-4?auto=format&fit=crop&w=300&q=80
195,Apple Sense Versa,Smart Watches,Apple,19199,"Stylish and durable, the Apple Sense Versa is a must-have. Comes with .",3.4,194,https://images.unsplash.com/photo-n2ZrdKos-rU?auto=format&fit=crop&w=300&q=80
196,Fitbit Watch Sport 2025,Smart Watches,Fitbit,15399,Get the best value with Fitbit Watch Sport 2025. Perfect for everyday use. Includes .,4.6,1243,https://images.unsplash.com/photo-29pdRYIyo-4?auto=format&fit=crop&w=300&q=80
197,Apple Watch Versa 2025,Smart Watches,Apple,13899,The new Apple Watch Versa 2025 from Apple is a game changer. Features: .,4.4,1079,https://images.unsplash.com/photo-n2ZrdKos-rU?auto=format&fit=crop&w=300&q=80
198,Apple Galaxy Watch Pro,Smart Watches,Apple,11799,The new Apple Galaxy Watch Pro from Apple is a game changer. Features: .,4.6,992,https://images.unsplash.com/photo-PZIMsQAnEh8?auto=format&fit=crop&w=300&q=80
199,Samsung Sense Sport 2024,Smart Watches,Samsung,15499,Get the best value with Samsung Sense Sport 2024. Perfect for everyday use. Includes .,4.6,1911,https://images.unsplash.com/photo-29pdRYIyo-4?auto=format&fit=crop&w=300&q=80
200,Garmin Galaxy Watch Classic,Smart Watches,Garmin,46699,Get the best value with Garmin Galaxy Watch Classic. Perfect for everyday use. Includes .,4.5,1680,https://images.unsplash.com/photo-n2ZrdKos-rU?auto=format&fit=crop&w=300&q=80
201,Sony EOS 4K 2024,Cameras,Sony,267299,Get the best value with Sony EOS 4K 2024. Perfect for everyday use. Includes .,4.9,1758,https://images.unsplash.com/photo-HjZ0iY5PkI0?auto=format&fit=crop&w=300&q=80
202,Canon Hero Action,Cameras,Canon,190699,Experience premium quality with Canon's Canon Hero Action. Top rated by users. Specs: .,4.8,638,https://images.unsplash.com/photo-xSTQu4g6lZ8?auto=format&fit=crop&w=300&q=80
203,Fujifilm X-T5 Compact,Cameras,Fujifilm,294599,"Stylish and durable, the Fujifilm X-T5 Compact is a must-have. Comes with .",4.6,1171,https://images.unsplash.com/photo-G6PElEPGr9k?auto=format&fit=crop&w=300&q=80
204,Canon EOS Compact 2025,Cameras,Canon,123099,Experience premium quality with Canon's Canon EOS Compact 2025. Top rated by users. Specs: .,4.6,475,https://images.unsplash.com/photo-xSTQu4g6lZ8?auto=format&fit=crop&w=300&q=80
205,Canon Alpha Mirrorless 2025,Cameras,Canon,292199,High performance Cameras designed for enthusiasts. Mirrorless features included.,3.1,1148,https://images.unsplash.com/photo-pWhFcl-LvXI?auto=format&fit=crop&w=300&q=80
206,Canon Alpha Action 2025,Cameras,Canon,28599,The new Canon Alpha Action 2025 from Canon is a game changer. Features: .,4.6,213,https://images.unsplash.com/photo-pWhFcl-LvXI?auto=format&fit=crop&w=300&q=80
207,Nikon EOS Compact 2024,Cameras,Nikon,228199,Get the best value with Nikon EOS Compact 2024. Perfect for everyday use. Includes .,3.9,1973,https://images.unsplash.com/photo-JAJhlDObGI8?auto=format&fit=crop&w=300&q=80
208,Sony Hero Mirrorless,Cameras,Sony,79899,Experience premium quality with Sony's Sony Hero Mirrorless. Top rated by users. Specs: .,4.5,1632,https://images.unsplash.com/photo-HjZ0iY5PkI0?auto=format&fit=crop&w=300&q=80
209,Canon X-T5 Action,Cameras,Canon,73899,Get the best value with Canon X-T5 Action. Perfect for everyday use. Includes .,4.7,850,https://images.unsplash.com/photo-HjZ0iY5PkI0?auto=format&fit=crop&w=300&q=80
210,Sony X-T5 4K,Cameras,Sony,70799,The new Sony X-T5 4K from Sony is a game changer. Features: .,4.6,1328,https://images.unsplash.com/photo-pWhFcl-LvXI?auto=format&fit=crop&w=300&q=80
211,Fujifilm X-T5 Mirrorless,Cameras,Fujifilm,130499,"Stylish and durable, the Fujifilm X-T5 Mirrorless is a must-have. Comes with .",3.3,691,https://images.unsplash.com/photo-pWhFcl-LvXI?auto=format&fit=crop&w=300&q=80
212,GoPro Z6 Compact,Cameras,GoPro,134499,The new GoPro Z6 Compact from GoPro is a game changer. Features: .,4.5,323,https://images.unsplash.com/photo-HjZ0iY5PkI0?auto=format&fit=crop&w=300&q=80
213,Sony X-T5 Compact 2024,Cameras,Sony,283499,Get the best value with Sony X-T5 Compact 2024. Perfect for everyday use. Includes .,3.5,164,https://images.unsplash.com/photo-HjZ0iY5PkI0?auto=format&fit=crop&w=300&q=80
214,Nikon EOS 4K,Cameras,Nikon,143799,Experience premium quality with Nikon's Nikon EOS 4K. Top rated by users. Specs: .,4.3,988,https://images.unsplash.com/photo-JAJhlDObGI8?auto=format&fit=crop&w=300&q=80
215,Fujifilm EOS Mirrorless 2024,Cameras,Fujifilm,276499,"Stylish and durable, the Fujifilm EOS Mirrorless 2024 is a must-have. Comes with .",3.2,1738,https://images.unsplash.com/photo-pWhFcl-LvXI?auto=format&fit=crop&w=300&q=80
216,Canon Alpha Action,Cameras,Canon,209799,High performance Cameras designed for enthusiasts. Action features included.,3.4,463,https://images.unsplash.com/photo-xSTQu4g6lZ8?auto=format&fit=crop&w=300&q=80
217,Nikon EOS Compact 2025,Cameras,Nikon,198299,The new Nikon EOS Compact 2025 from Nikon is a game changer. Features: .,4.1,96,https://images.unsplash.com/photo-G6PElEPGr9k?auto=format&fit=crop&w=300&q=80
218,Fujifilm Z6 DSLR,Cameras,Fujifilm,183799,Get the best value with Fujifilm Z6 DSLR. Perfect for everyday use. Includes .,3.0,908,https://images.unsplash.com/photo-HjZ0iY5PkI0?auto=format&fit=crop&w=300&q=80
219,Sony X-T5 DSLR 2024,Cameras,Sony,31099,High performance Cameras designed for enthusiasts. DSLR features included.,4.4,553,https://images.unsplash.com/photo-xSTQu4g6lZ8?auto=format&fit=crop&w=300&q=80
220,Sony Z6 Mirrorless 2024,Cameras,Sony,152299,The new Sony Z6 Mirrorless 2024 from Sony is a game changer. Features: .,3.2,15,https://images.unsplash.com/photo-G6PElEPGr9k?auto=format&fit=crop&w=300&q=80
221,Canon Hero Compact 2024,Cameras,Canon,94199,Experience premium quality with Canon's Canon Hero Compact 2024. Top rated by users. Specs: .,3.5,949,https://images.unsplash.com/photo-pWhFcl-LvXI?auto=format&fit=crop&w=300&q=80
222,Canon Hero Compact 2024,Cameras,Canon,163399,The new Canon Hero Compact 2024 from Canon is a game changer. Features: .,4.2,1286,https://images.unsplash.com/photo-G6PElEPGr9k?auto=format&fit=crop&w=300&q=80
223,Nikon Z6 Action 2024,Cameras,Nikon,34299,Experience premium quality with Nikon's Nikon Z6 Action 2024. Top rated by users. Specs: .,3.3,1720,https://images.unsplash.com/photo-xSTQu4g6lZ8?auto=format&fit=crop&w=300&q=80
224,GoPro Z6 DSLR 2025,Cameras,GoPro,240699,Experience premium quality with GoPro's GoPro Z6 DSLR 2025. Top rated by users. Specs: .,3.9,455,https://images.unsplash.com/photo-G6PElEPGr9k?auto=format&fit=crop&w=300&q=80
225,GoPro Hero 4K 2025,Cameras,GoPro,36299,High performance Cameras designed for enthusiasts. 4K features included.,3.7,1403,https://images.unsplash.com/photo-pWhFcl-LvXI?auto=format&fit=crop&w=300&q=80
226,Nikon EOS 4K 2025,Cameras,Nikon,241499,High performance Cameras designed for enthusiasts. 4K features included.,3.9,809,https://images.unsplash.com/photo-JAJhlDObGI8?auto=format&fit=crop&w=300&q=80
227,Sony Z6 Action,Cameras,Sony,192899,High performance Cameras designed for enthusiasts. Action features included.,3.2,948,https://images.unsplash.com/photo-G6PElEPGr9k?auto=format&fit=crop&w=300&q=80
228,Nikon EOS Mirrorless 2025,Cameras,Nikon,199899,High performance Cameras designed for enthusiasts. Mirrorless features included.,3.3,1631,https://images.unsplash.com/photo-HjZ0iY5PkI0?auto=format&fit=crop&w=300&q=80
229,Sony X-T5 DSLR,Cameras,Sony,269499,"Stylish and durable, the Sony X-T5 DSLR is a must-have. Comes with .",4.5,966,https://images.unsplash.com/photo-JAJhlDObGI8?auto=format&fit=crop&w=300&q=80
230,Fujifilm Hero DSLR,Cameras,Fujifilm,197999,Get the best value with Fujifilm Hero DSLR. Perfect for everyday use. Includes .,4.1,361,https://images.unsplash.com/photo-HjZ0iY5PkI0?auto=format&fit=crop&w=300&q=80
231,Canon Hero 4K,Cameras,Canon,237599,"Stylish and durable, the Canon Hero 4K is a must-have. Comes with .",4.7,850,https://images.unsplash.com/photo-G6PElEPGr9k?auto=format&fit=crop&w=300&q=80
232,Canon Alpha Mirrorless 2024,Cameras,Canon,265399,"Stylish and durable, the Canon Alpha Mirrorless 2024 is a must-have. Comes with .",4.4,256,https://images.unsplash.com/photo-pWhFcl-LvXI?auto=format&fit=crop&w=300&q=80
233,Nikon EOS Compact,Cameras,Nikon,251599,"Stylish and durable, the Nikon EOS Compact is a must-have. Comes with .",3.5,648,https://images.unsplash.com/photo-JAJhlDObGI8?auto=format&fit=crop&w=300&q=80
234,Canon Alpha Mirrorless,Cameras,Canon,268099,The new Canon Alpha Mirrorless from Canon is a game changer. Features: .,4.2,619,https://images.unsplash.com/photo-G6PElEPGr9k?auto=format&fit=crop&w=300&q=80
235,Sony Alpha 4K 2025,Cameras,Sony,125099,"Stylish and durable, the Sony Alpha 4K 2025 is a must-have. Comes with .",3.1,1184,https://images.unsplash.com/photo-xSTQu4g6lZ8?auto=format&fit=crop&w=300&q=80
236,Nikon Hero Compact 2024,Cameras,Nikon,157599,The new Nikon Hero Compact 2024 from Nikon is a game changer. Features: .,3.7,235,https://images.unsplash.com/photo-pWhFcl-LvXI?auto=format&fit=crop&w=300&q=80
237,Sony EOS 4K 2024,Cameras,Sony,240999,High performance Cameras designed for enthusiasts. 4K features included.,3.2,1166,https://images.unsplash.com/photo-pWhFcl-LvXI?auto=format&fit=crop&w=300&q=80
238,Canon Alpha Action,Cameras,Canon,149599,High performance Cameras designed for enthusiasts. Action features included.,4.1,1547,https://images.unsplash.com/photo-pWhFcl-LvXI?auto=format&fit=crop&w=300&q=80
239,GoPro EOS DSLR,Cameras,GoPro,38699,Experience premium quality with GoPro's GoPro EOS DSLR. Top rated by users. Specs: .,4.0,1973,https://images.unsplash.com/photo-HjZ0iY5PkI0?auto=format&fit=crop&w=300&q=80
240,Fujifilm EOS Compact,Cameras,Fujifilm,30499,Get the best value with Fujifilm EOS Compact. Perfect for everyday use. Includes .,4.4,1803,https://images.unsplash.com/photo-HjZ0iY5PkI0?auto=format&fit=crop&w=300&q=80
